"Channel Type","Frequency [MHz]","Tx transmitter power [W]","Call sign","Latitude (WGS84)","Longitude (WGS84)","Licensee name"
"TX_RES",0.56,400,"CBDN",64.05583333,-139.41361111,"CBC/ Radio-Canada"
"TX_RES",0.56,1000,"CFOS",44.54444444,-80.90194444,"Bayshore Broadcasting Corporation"
"TX_RES",0.56,7500,"CFOS",44.54444444,-80.90194444,"Bayshore Broadcasting Corporation"
"TX_RES",0.56,7500,"CFOS",44.54444444,-80.90194444,"Bayshore Broadcasting Corporation"
"TX_RES",0.56,400,"CBDN",64.05583333,-139.41361111,"CBC/ Radio-Canada"
"TX_RES",0.56,400,"CBDN",64.05583333,-139.41361111,"CBC/ Radio-Canada"
"TX_RES",0.57,10000,"CKSW",50.16083333,-107.81694444,"Golden West Broadcasting Ltd."
"TX_RES",0.57,10000,"CFCB-AX1",48.93694444,-57.99111111,"Stingray Radio Inc"
"TX_RES",0.57,1000,"CFCB-AX1",48.93694444,-57.99111111,"Stingray Radio Inc"
"TX_RES",0.57,1000,"CFCB",48.93694444,-57.99111111,"Stingray Radio Inc"
"TX_RES",0.57,10000,"CFCB",48.93694444,-57.99111111,"Stingray Radio Inc"
"TX_RES",0.57,1000,"CKWL",52.09138889,-122.17555556,"Vista Radio Ltd"
"TX_RES",0.57,1000,"CKWL",52.09138889,-122.17555556,"Vista Radio Ltd"
"TX_RES",0.57,1000,"CKWL",52.09138889,-122.17555556,"Vista Radio Ltd"
"TX_RES",0.57,10000,"CKGL",43.29027778,-80.3525,"Rogers Media Inc"
"TX_RES",0.57,10000,"CKGL",43.29027778,-80.3525,"Rogers Media Inc"
"TX_RES",0.57,10000,"CKGL",43.29027778,-80.3525,"Rogers Media Inc"
"TX_RES",0.57,250,"CKSW-AX1",50.16083333,-107.81694444,"Golden West Broadcasting Ltd."
"TX_RES",0.57,250,"CKSW-AX1",50.16083333,-107.81694444,"Golden West Broadcasting Ltd."
"TX_RES",0.57,10000,"CKSW",50.16083333,-107.81694444,"Golden West Broadcasting Ltd."
"TX_RES",0.57,10000,"CKSW",50.16083333,-107.81694444,"Golden West Broadcasting Ltd."
"TX_RES",0.58,10000,"CHAH",53.31944444,-113.44638889,"My Radio 580 Ltd."
"TX_RES",0.58,500,"CKWW",42.17277778,-83.04805556,"CKWW 580 Radio Inc."
"TX_RES",0.58,500,"CKWW",42.17277778,-83.04805556,"CKWW 580 Radio Inc."
"TX_RES",0.58,500,"CKWW",42.17277778,-83.04805556,"CKWW 580 Radio Inc."
"TX_RES",0.58,1000,"CHAH-AX1",53.31944444,-113.44638889,"My Radio 580 Ltd."
"TX_RES",0.58,1000,"CHAH-AX1",53.31944444,-113.44638889,"My Radio 580 Ltd."
"TX_RES",0.58,10000,"CFRA-AX1",45.20138889,-75.72388889,"Bell Media Regional Radio Partnership"
"TX_RES",0.58,10000,"CFRA-AX1",45.20138889,-75.72388889,"Bell Media Regional Radio Partnership"
"TX_RES",0.58,30000,"CFRA",45.20138889,-75.72388889,"Bell Media Regional Radio Partnership"
"TX_RES",0.58,50000,"CFRA",45.20138889,-75.72388889,"Bell Media Regional Radio Partnership"
"TX_RES",0.58,10000,"CHAH",53.31944444,-113.44638889,"My Radio 580 Ltd."
"TX_RES",0.59,1000,"CJCW",45.685,-65.52388889,"Maritime Broadcasting System Limited"
"TX_RES",0.59,1000,"CFTK",54.50111111,-128.51555556,"Vista Radio Ltd"
"TX_RES",0.59,1000,"CFTK",54.50111111,-128.51555556,"Vista Radio Ltd"
"TX_RES",0.59,1000,"CFTK",54.50111111,-128.51555556,"Vista Radio Ltd"
"TX_RES",0.59,20000,"VOCM",47.54388889,-52.77777778,"Stingray Radio Inc"
"TX_RES",0.59,20000,"VOCM",47.54388889,-52.77777778,"Stingray Radio Inc"
"TX_RES",0.59,20000,"VOCM",47.54388889,-52.77777778,"Stingray Radio Inc"
"TX_RES",0.59,20000,"CJCL-AX1",43.15277778,-79.53416667,"Rogers Media Inc"
"TX_RES",0.59,20000,"CJCL-AX1",43.15277778,-79.53416667,"Rogers Media Inc"
"TX_RES",0.59,50000,"CJCL",43.15277778,-79.53416667,"Rogers Media Inc"
"TX_RES",0.59,50000,"CJCL",43.15277778,-79.53416667,"Rogers Media Inc"
"TX_RES",0.59,50000,"CJCL",43.15277778,-79.53416667,"Rogers Media Inc"
"TX_RES",0.59,1000,"CFAR",54.80111111,-101.85305556,"Arctic Radio (1982) Limited"
"TX_RES",0.59,10000,"CFAR",54.80111111,-101.85305556,"Arctic Radio (1982) Limited"
"TX_RES",0.59,10000,"CFAR",54.80111111,-101.85305556,"Arctic Radio (1982) Limited"
"TX_RES",0.59,250,"CJCW",45.685,-65.52388889,"Maritime Broadcasting System Limited"
"TX_RES",0.59,250,"CJCW",45.685,-65.52388889,"Maritime Broadcasting System Limited"
"TX_RES",0.6,10000,"CFQR",45.39277778,-73.69805556,"7954689 Canada Inc. "
"TX_RES",0.6,10000,"CKSP-AX1",49.16083333,-122.73194444,"SHER-E-PUNJAB RADIO BROADCASTING INC."
"TX_RES",0.6,10000,"CKSP-AX1",49.16083333,-122.73194444,"SHER-E-PUNJAB RADIO BROADCASTING INC."
"TX_RES",0.6,20000,"CKSP",49.16083333,-122.73194444,"SHER-E-PUNJAB RADIO BROADCASTING INC."
"TX_RES",0.6,50000,"CKSP",49.16083333,-122.73194444,"SHER-E-PUNJAB RADIO BROADCASTING INC."
"TX_RES",0.6,5000,"CKAT",46.17916667,-79.46333333,"Rogers Media Inc"
"TX_RES",0.6,10000,"CKAT",46.17916667,-79.46333333,"Rogers Media Inc"
"TX_RES",0.6,10000,"CKAT",46.17916667,-79.46333333,"Rogers Media Inc"
"TX_RES",0.6,1000,"CJWW-AX1",52.07361111,-106.81083333,"629112 Saskatchewan Limited"
"TX_RES",0.6,1000,"CJWW-AX1",52.07361111,-106.81083333,"629112 Saskatchewan Limited"
"TX_RES",0.6,8000,"CJWW",52.07361111,-106.81083333,"629112 Saskatchewan Limited"
"TX_RES",0.6,25000,"CJWW",52.07361111,-106.81083333,"629112 Saskatchewan Limited"
"TX_RES",0.6,25000,"CJWW",52.07361111,-106.81083333,"629112 Saskatchewan Limited"
"TX_RES",0.6,5000,"CFQR",45.39277778,-73.69805556,"7954689 Canada Inc. "
"TX_RES",0.61,5000,"CKTB",43.03666667,-79.16638889,"Golden Horseshoe Broadcasting Limited"
"TX_RES",0.61,10000,"CKTB",43.03666667,-79.16638889,"Golden Horseshoe Broadcasting Limited"
"TX_RES",0.61,10000,"CKTB",43.03666667,-79.16638889,"Golden Horseshoe Broadcasting Limited"
"TX_RES",0.61,5000,"CHNL",50.64722222,-120.27194444,"N L Broadcasting Ltd."
"TX_RES",0.61,25000,"CHNL",50.64722222,-120.27194444,"N L Broadcasting Ltd."
"TX_RES",0.61,25000,"CHNL",50.64722222,-120.27194444,"N L Broadcasting Ltd."
"TX_RES",0.61,1000,"CHTM",55.70222222,-97.88222222,"Arctic Radio (1982) Limited"
"TX_RES",0.61,1000,"CHTM",55.70222222,-97.88222222,"Arctic Radio (1982) Limited"
"TX_RES",0.61,1000,"CHTM",55.70222222,-97.88222222,"Arctic Radio (1982) Limited"
"TX_RES",0.61,1000,"CKTB-AX1",43.03666667,-79.16638889,"Golden Horseshoe Broadcasting Limited"
"TX_RES",0.61,1000,"CKTB-AX1",43.03666667,-79.16638889,"Golden Horseshoe Broadcasting Limited"
"TX_RES",0.62,10000,"CKRM",50.32666667,-104.62111111,"Harvard Broadcasting Inc."
"TX_RES",0.62,10000,"CKCM",48.94416667,-55.64194444,"Stingray Radio Inc"
"TX_RES",0.62,10000,"CKCM",48.94416667,-55.64194444,"Stingray Radio Inc"
"TX_RES",0.62,10000,"CKCM",48.94416667,-55.64194444,"Stingray Radio Inc"
"TX_RES",0.62,10000,"CKRM",50.32666667,-104.62111111,"Harvard Broadcasting Inc."
"TX_RES",0.63,10000,"CFCO",42.33416667,-82.28138889,"Blackburn Media Inc."
"TX_RES",0.63,10000,"CHQT-AX1",53.39944444,-113.39722222,"Corus Radio Inc."
"TX_RES",0.63,10000,"CHQT-AX1",53.39944444,-113.39722222,"Corus Radio Inc."
"TX_RES",0.63,50000,"CHQT",53.39944444,-113.39722222,"Corus Radio Inc."
"TX_RES",0.63,50000,"CHQT",53.39944444,-113.39722222,"Corus Radio Inc."
"TX_RES",0.63,50000,"CHQT",53.39944444,-113.39722222,"Corus Radio Inc."
"TX_RES",0.63,40,"CBKU",50.38805556,-125.96194444,"CBC/ Radio-Canada"
"TX_RES",0.63,40,"CBKU",50.38805556,-125.96194444,"CBC/ Radio-Canada"
"TX_RES",0.63,6000,"CFCO",42.33416667,-82.28138889,"Blackburn Media Inc."
"TX_RES",0.63,10000,"CFCO",42.33416667,-82.28138889,"Blackburn Media Inc."
"TX_RES",0.64,40,"CBIA",68.62666667,-95.8725,"CBC/ Radio-Canada"
"TX_RES",0.64,10000,"CBN-AX1",47.56955556,-52.81252778,"CBC/ Radio-Canada"
"TX_RES",0.64,10000,"CBN-AX1",47.56955556,-52.81252778,"CBC/ Radio-Canada"
"TX_RES",0.64,10000,"CBN",47.56955556,-52.81252778,"CBC/ Radio-Canada"
"TX_RES",0.64,40,"CBIA",68.62666667,-95.8725,"CBC/ Radio-Canada"
"TX_RES",0.64,10000,"CBN",47.56955556,-52.81252778,"CBC/ Radio-Canada"
"TX_RES",0.64,50000,"CFIQ",43.17916667,-79.43305556,"Corus Radio Inc."
"TX_RES",0.64,50000,"CFIQ",43.17916667,-79.43305556,"Corus Radio Inc."
"TX_RES",0.64,50000,"CFIQ",43.17916667,-79.43305556,"Corus Radio Inc."
"TX_RES",0.65,10000,"CKOM",52.07916667,-106.51138889,"Rawlco Radio Ltd."
"TX_RES",0.65,5000,"CKGA",48.96027778,-54.66027778,"Stingray Radio Inc"
"TX_RES",0.65,5000,"CKGA",48.96027778,-54.66027778,"Stingray Radio Inc"
"TX_RES",0.65,5000,"CKGA",48.96027778,-54.66027778,"Stingray Radio Inc"
"TX_RES",0.65,4000,"CISL",49.16638889,-123.01638889,"Rogers Media Inc"
"TX_RES",0.65,20000,"CISL",49.16638889,-123.01638889,"Rogers Media Inc"
"TX_RES",0.65,250,"CKOM-AX1",52.07916667,-106.51138889,"Rawlco Radio Ltd."
"TX_RES",0.65,250,"CKOM-AX1",52.07916667,-106.51138889,"Rawlco Radio Ltd."
"TX_RES",0.65,10000,"CKOM",52.07916667,-106.51138889,"Rawlco Radio Ltd."
"TX_RES",0.65,10000,"CKOM",52.07916667,-106.51138889,"Rawlco Radio Ltd."
"TX_RES",0.66,50000,"CFFR",50.7575,-114.06277778,"Rogers Media Inc"
"TX_RES",0.66,10000,"CFFR-AX1",50.7575,-114.06277778,"Rogers Media Inc"
"TX_RES",0.66,10000,"CFFR-AX1",50.7575,-114.06277778,"Rogers Media Inc"
"TX_RES",0.66,50000,"CFFR",50.7575,-114.06277778,"Rogers Media Inc"
"TX_RES",0.68,50000,"CJOB",49.65388889,-97.19194444,"Corus Radio Inc."
"TX_RES",0.68,168,"CFTR-AX2",43.7532,-79.35238056,"Rogers Media Inc"
"TX_RES",0.68,1000,"CFTR-AX1",43.21388889,-79.60805556,"Rogers Media Inc"
"TX_RES",0.68,150,"CFTR-AX2",43.7532,-79.35238056,"Rogers Media Inc"
"TX_RES",0.68,1000,"CFTR-AX1",43.21388889,-79.60805556,"Rogers Media Inc"
"TX_RES",0.68,50000,"CFTR",43.21388889,-79.60805556,"Rogers Media Inc"
"TX_RES",0.68,50000,"CFTR",43.21388889,-79.60805556,"Rogers Media Inc"
"TX_RES",0.68,50000,"CFTR",43.21388889,-79.60805556,"Rogers Media Inc"
"TX_RES",0.68,50000,"CFTR",43.21388889,-79.60805556,"Rogers Media Inc"
"TX_RES",0.68,50000,"CJOB",49.65388889,-97.19194444,"Corus Radio Inc."
"TX_RES",0.68,50000,"CJOB",49.65388889,-97.19194444,"Corus Radio Inc."
"TX_RES",0.69,5000,"CBKF-1",49.87111111,-106.47277778,"CBC Radio-Canada"
"TX_RES",0.69,40,"CBDM-AX1",62.37991111,-140.88459167,"CBC/ Radio-Canada"
"TX_RES",0.69,40,"CBDM-AX1",62.37991111,-140.88459167,"CBC/ Radio-Canada"
"TX_RES",0.69,40,"CBDM",62.37991111,-140.88459167,"CBC/ Radio-Canada"
"TX_RES",0.69,40,"CBDM",62.37991111,-140.88459167,"CBC/ Radio-Canada"
"TX_RES",0.69,6500,"CKGM-AX2",45.29527778,-73.72166667,"Bell Media Regional Radio Partnership"
"TX_RES",0.69,6500,"CKGM-AX2",45.29527778,-73.72166667,"Bell Media Regional Radio Partnership"
"TX_RES",0.69,12000,"CKGM-AX1",45.29527778,-73.72166667,"Bell Media Regional Radio Partnership"
"TX_RES",0.69,12000,"CKGM-AX1",45.29527778,-73.72166667,"Bell Media Regional Radio Partnership"
"TX_RES",0.69,50000,"CKGM",45.29527778,-73.72166667,"Bell Media Regional Radio Partnership"
"TX_RES",0.69,50000,"CKGM",45.29527778,-73.72166667,"Bell Media Regional Radio Partnership"
"TX_RES",0.69,50000,"CKGM",45.29527778,-73.72166667,"Bell Media Regional Radio Partnership"
"TX_RES",0.69,5000,"CBU-AX1",49.13722222,-123.20138889,"CBC/ Radio-Canada"
"TX_RES",0.69,5000,"CBU-AX1",49.13722222,-123.20138889,"CBC/ Radio-Canada"
"TX_RES",0.69,25000,"CBU",49.13722222,-123.20138889,"CBC/ Radio-Canada"
"TX_RES",0.69,25000,"CBU",49.13722222,-123.20138889,"CBC/ Radio-Canada"
"TX_RES",0.69,25000,"CBU",49.13722222,-123.20138889,"CBC/ Radio-Canada"
"TX_RES",0.69,40,"CBES",49.41361111,-91.6625,"CBC/ Radio-Canada"
"TX_RES",0.69,40,"CBES",49.41361111,-91.6625,"CBC/ Radio-Canada"
"TX_RES",0.69,5000,"CBKF-1",49.87111111,-106.47277778,"CBC Radio-Canada"
"TX_RES",0.69,5000,"CBKF-1",49.87111111,-106.47277778,"CBC Radio-Canada"
"TX_RES",0.7,50000,"CJLI",50.70472222,-114.24111111,"Touch Canada Broadcasting Limited Partnership"
"TX_RES",0.7,12000,"CJLI-AX1",50.70472222,-114.24111111,"Touch Canada Broadcasting Limited Partnership"
"TX_RES",0.7,12000,"CJLI-AX1",50.70472222,-114.24111111,"Touch Canada Broadcasting Limited Partnership"
"TX_RES",0.7,20000,"CJLI",50.70472222,-114.24111111,"Touch Canada Broadcasting Limited Partnership"
"TX_RES",0.71,10000,"CKVO",48.14333333,-53.96111111,"Stingray Radio Inc"
"TX_RES",0.71,10000,"CKVO",48.14333333,-53.96111111,"Stingray Radio Inc"
"TX_RES",0.71,10000,"CKVO",48.14333333,-53.96111111,"Stingray Radio Inc"
"TX_RES",0.73,50000,"CKAC-AX1",45.51388889,-73.97333333,"Cogeco Média Acquisitions Inc."
"TX_RES",0.73,50000,"CKAC",45.51388889,-73.97333333,"Cogeco Média Acquisitions Inc."
"TX_RES",0.73,50000,"CKAC",45.51388889,-73.97333333,"Cogeco Média Acquisitions Inc."
"TX_RES",0.73,50000,"CKAC",45.51388889,-73.97333333,"Cogeco Média Acquisitions Inc."
"TX_RES",0.73,5000,"CKDM",51.15222222,-100.23,"Dauphin Broadcasting Company Limited"
"TX_RES",0.73,10000,"CKDM",51.15222222,-100.23,"Dauphin Broadcasting Company Limited"
"TX_RES",0.73,10000,"CKDM",51.15222222,-100.23,"Dauphin Broadcasting Company Limited"
"TX_RES",0.73,250,"CKNW-AX2",0.0,0.0,"Corus Radio Inc."
"TX_RES",0.73,12000,"CKNW-AX1",0.0,0.0,"Corus Radio Inc."
"TX_RES",0.73,250,"CKNW-AX2",0.0,0.0,"Corus Radio Inc."
"TX_RES",0.73,12000,"CKNW-AX1",0.0,0.0,"Corus Radio Inc."
"TX_RES",0.73,50000,"CKNW",0.0,0.0,"Corus Radio Inc."
"TX_RES",0.73,50000,"CKNW",0.0,0.0,"Corus Radio Inc."
"TX_RES",0.73,50000,"CKNW",0.0,0.0,"Corus Radio Inc."
"TX_RES",0.73,50000,"CKAC-AX1",45.51388889,-73.97333333,"Cogeco Média Acquisitions Inc."
"TX_RES",0.74,50000,"CBX",53.31944444,-113.44638889,"CBC/ Radio-Canada"
"TX_RES",0.74,10000,"CFZM-AX1",43.57827778,-79.81677778,"ZoomerMedia Limited"
"TX_RES",0.74,10000,"CFZM-AX1",43.57827778,-79.81677778,"ZoomerMedia Limited"
"TX_RES",0.74,50000,"CFZM",43.57597222,-79.81702778,"ZoomerMedia Limited"
"TX_RES",0.74,50000,"CFZM",43.57597222,-79.81702778,"ZoomerMedia Limited"
"TX_RES",0.74,50000,"CFZM",43.57597222,-79.81702778,"ZoomerMedia Limited"
"TX_RES",0.74,40,"CBUN",49.19361111,-117.27777778,"CBC/ Radio-Canada"
"TX_RES",0.74,40,"CBUN",49.19361111,-117.27777778,"CBC/ Radio-Canada"
"TX_RES",0.74,10000,"CBX-AX1",53.31944444,-113.44638889,"CBC/ Radio-Canada"
"TX_RES",0.74,10000,"CBX-AX1",53.31944444,-113.44638889,"CBC/ Radio-Canada"
"TX_RES",0.74,50000,"CBX",53.31944444,-113.44638889,"CBC/ Radio-Canada"
"TX_RES",0.74,50000,"CBX",53.31944444,-113.44638889,"CBC/ Radio-Canada"
"TX_RES",0.75,10000,"CBGY",48.67416667,-53.77194444,"CBC/ Radio-Canada"
"TX_RES",0.75,25000,"CKJH",52.6125,-104.505,"Pattison Media Ltd."
"TX_RES",0.75,25000,"CKJH",52.6125,-104.505,"Pattison Media Ltd."
"TX_RES",0.75,10000,"CBGY",48.67416667,-53.77194444,"CBC/ Radio-Canada"
"TX_RES",0.75,10000,"CBGY",48.67416667,-53.77194444,"CBC/ Radio-Canada"
"TX_RES",0.76,1000,"CFLD",54.25527778,-125.75833333,"Vista Radio Ltd"
"TX_RES",0.76,1000,"CFLD",54.25527778,-125.75833333,"Vista Radio Ltd"
"TX_RES",0.76,1000,"CFLD",54.25527778,-125.75833333,"Vista Radio Ltd"
"TX_RES",0.77,50000,"CHQR",50.82111111,-114.05222222,"Corus Radio Inc."
"TX_RES",0.77,50000,"CHQR-AX1",50.82111111,-114.05222222,"Corus Radio Inc."
"TX_RES",0.77,50000,"CHQR-AX1",50.82111111,-114.05222222,"Corus Radio Inc."
"TX_RES",0.77,50000,"CHQR",50.82111111,-114.05222222,"Corus Radio Inc."
"TX_RES",0.77,50000,"CHQR",50.82111111,-114.05222222,"Corus Radio Inc."
"TX_RES",0.8,10000,"VOWR",47.57194444,-52.75277778,"Wesley United Church Radio Board"
"TX_RES",0.8,10000,"CJAD-AX1",45.24722222,-73.52305556,"Bell Media Inc."
"TX_RES",0.8,10000,"CJAD-AX1",45.24722222,-73.52305556,"Bell Media Inc."
"TX_RES",0.8,10000,"CJAD",45.24722222,-73.52305556,"Bell Media Inc."
"TX_RES",0.8,50000,"CJAD",45.24722222,-73.52305556,"Bell Media Inc."
"TX_RES",0.8,50000,"CJAD",45.24722222,-73.52305556,"Bell Media Inc."
"TX_RES",0.8,500,"CKOR-AX1",49.42361111,-119.57194444,"Vista Radio Ltd"
"TX_RES",0.8,500,"CKOR-AX1",49.42361111,-119.57194444,"Vista Radio Ltd"
"TX_RES",0.8,500,"CKOR",49.42361111,-119.57194444,"Vista Radio Ltd"
"TX_RES",0.8,10000,"CKOR",49.42361111,-119.57194444,"Vista Radio Ltd"
"TX_RES",0.8,10000,"CKOR",49.42361111,-119.57194444,"Vista Radio Ltd"
"TX_RES",0.8,5000,"CKLW-AX1",42.05694444,-83.00277778,"Bell Media Windsor Radio Partnership"
"TX_RES",0.8,5000,"CKLW-AX1",42.05694444,-83.00277778,"Bell Media Windsor Radio Partnership"
"TX_RES",0.8,50000,"CKLW",42.05694444,-83.00277778,"Bell Media Windsor Radio Partnership"
"TX_RES",0.8,50000,"CKLW",42.05694444,-83.00277778,"Bell Media Windsor Radio Partnership"
"TX_RES",0.8,50000,"CKLW",42.05694444,-83.00277778,"Bell Media Windsor Radio Partnership"
"TX_RES",0.8,1000,"CJBQ-AX1",43.96888889,-77.41916667,"Quinte Broadcasting Company Limited"
"TX_RES",0.8,1000,"CJBQ-AX1",43.96888889,-77.41916667,"Quinte Broadcasting Company Limited"
"TX_RES",0.8,10000,"CJBQ",43.96888889,-77.41916667,"Quinte Broadcasting Company Limited"
"TX_RES",0.8,10000,"CJBQ",43.96888889,-77.41916667,"Quinte Broadcasting Company Limited"
"TX_RES",0.8,10000,"CJBQ",43.96888889,-77.41916667,"Quinte Broadcasting Company Limited"
"TX_RES",0.8,1000,"CHAB-AX1",50.37722222,-105.39388889,"101142236 Saskatchewan Ltd."
"TX_RES",0.8,1000,"CHAB-AX1",50.37722222,-105.39388889,"101142236 Saskatchewan Ltd."
"TX_RES",0.8,10000,"CHAB",50.37722222,-105.39388889,"101142236 Saskatchewan Ltd."
"TX_RES",0.8,10000,"CHAB",50.37722222,-105.39388889,"101142236 Saskatchewan Ltd."
"TX_RES",0.8,10000,"CHAB",50.37722222,-105.39388889,"101142236 Saskatchewan Ltd."
"TX_RES",0.8,2500,"VOWR",47.57194444,-52.75277778,"Wesley United Church Radio Board"
"TX_RES",0.8,2500,"VOWR",47.57194444,-52.75277778,"Wesley United Church Radio Board"
"TX_RES",0.82,50000,"CINA",43.11611111,-79.77694444,"1760791 Ontario Inc."
"TX_RES",0.82,10000,"CHAM",43.11611111,-79.77694444,"Big Am 820 Inc."
"TX_RES",0.82,50000,"CHAM",43.11611111,-79.77694444,"Big Am 820 Inc."
"TX_RES",0.82,50000,"CHAM",43.11611111,-79.77694444,"Big Am 820 Inc."
"TX_RES",0.82,50000,"CINA",43.11611111,-79.77694444,"1760791 Ontario Inc."
"TX_RES",0.82,50000,"CINA",43.11611111,-79.77694444,"1760791 Ontario Inc."
"TX_RES",0.82,50000,"CINA",43.11611111,-79.77694444,"1760791 Ontario Inc."
"TX_RES",0.82,10000,"CINA",43.11611111,-79.77694444,"1760791 Ontario Inc."
"TX_RES",0.84,1000,"CKBX",51.66972222,-121.29083333,"Vista Radio Ltd"
"TX_RES",0.84,40000,"CFCW",52.96027778,-112.95916667,"Stingray Radio Inc"
"TX_RES",0.84,40000,"CFCW",52.96027778,-112.95916667,"Stingray Radio Inc"
"TX_RES",0.84,40000,"CFCW",52.96027778,-112.95916667,"Stingray Radio Inc"
"TX_RES",0.84,12000,"CFCW-AX1",52.96027778,-112.95916667,"Stingray Radio Inc"
"TX_RES",0.84,12000,"CFCW-AX1",52.96027778,-112.95916667,"Stingray Radio Inc"
"TX_RES",0.84,50000,"CFCW",52.96027778,-112.95916667,"Stingray Radio Inc"
"TX_RES",0.84,50000,"CFCW",52.96027778,-112.95916667,"Stingray Radio Inc"
"TX_RES",0.84,500,"CKBX",51.66972222,-121.29083333,"Vista Radio Ltd"
"TX_RES",0.84,1000,"CKBX",51.66972222,-121.29083333,"Vista Radio Ltd"
"TX_RES",0.86,40,"CBKZ",51.64486111,-120.03877778,"CBC/ Radio-Canada"
"TX_RES",0.86,10000,"CJBC-AX1",43.57827778,-79.81677778,"CBC Radio-Canada"
"TX_RES",0.86,10000,"CJBC-AX1",43.57827778,-79.81677778,"CBC Radio-Canada"
"TX_RES",0.86,50000,"CJBC",43.57597222,-79.81702778,"CBC Radio-Canada"
"TX_RES",0.86,50000,"CJBC",43.57597222,-79.81702778,"CBC Radio-Canada"
"TX_RES",0.86,50000,"CJBC",43.57597222,-79.81702778,"CBC Radio-Canada"
"TX_RES",0.86,40,"CBUG",49.90805556,-116.89972222,"CBC/ Radio-Canada"
"TX_RES",0.86,40,"CBUG",49.90805556,-116.89972222,"CBC/ Radio-Canada"
"TX_RES",0.86,40,"CBKM",52.10555556,-119.30833333,"CBC/ Radio-Canada"
"TX_RES",0.86,40,"CBKM",52.10555556,-119.30833333,"CBC/ Radio-Canada"
"TX_RES",0.86,2500,"CFPR",54.28527778,-130.37611111,"CBC/ Radio-Canada"
"TX_RES",0.86,2500,"CFPR",54.28527778,-130.37611111,"CBC/ Radio-Canada"
"TX_RES",0.86,10000,"CFPR",54.28527778,-130.37611111,"CBC/ Radio-Canada"
"TX_RES",0.86,40,"CBTG",50.83916667,-122.86305556,"CBC/ Radio-Canada"
"TX_RES",0.86,40,"CBTG",50.83916667,-122.86305556,"CBC/ Radio-Canada"
"TX_RES",0.86,1000,"CHAK",68.34472222,-133.68583333,"CBC/ Radio-Canada"
"TX_RES",0.86,1000,"CHAK",68.34472222,-133.68583333,"CBC/ Radio-Canada"
"TX_RES",0.86,1000,"CHAK",68.34472222,-133.68583333,"CBC/ Radio-Canada"
"TX_RES",0.86,10000,"CBKF-2",52.25,-106.66,"CBC Radio-Canada"
"TX_RES",0.86,10000,"CBKF-2",52.25,-106.66,"CBC Radio-Canada"
"TX_RES",0.86,10000,"CBKF-2",52.25,-106.66,"CBC Radio-Canada"
"TX_RES",0.86,40,"CKSB-2",50.44666667,-101.29305556,"CBC Radio-Canada"
"TX_RES",0.86,40,"CKSB-2",50.44666667,-101.29305556,"CBC Radio-Canada"
"TX_RES",0.86,40,"CBUP-AX1",50.11002778,-120.80080556,"CBC/ Radio-Canada"
"TX_RES",0.86,40,"CBUP-AX1",50.11002778,-120.80080556,"CBC/ Radio-Canada"
"TX_RES",0.86,40,"CBUP",50.11002778,-120.80080556,"CBC/ Radio-Canada"
"TX_RES",0.86,40,"CBUP",50.11002778,-120.80080556,"CBC/ Radio-Canada"
"TX_RES",0.86,40,"CBKJ",49.77288889,-126.05111111,"CBC/ Radio-Canada"
"TX_RES",0.86,40,"CBKJ",49.77288889,-126.05111111,"CBC/ Radio-Canada"
"TX_RES",0.86,40,"CBKZ",51.64486111,-120.03877778,"CBC/ Radio-Canada"
"TX_RES",0.87,1000,"CFBV",54.79611111,-127.19861111,"Vista Radio Ltd"
"TX_RES",0.87,250,"CKIR",50.51888889,-116.05111111,"Vista Radio Ltd"
"TX_RES",0.87,1000,"CKIR",50.51888889,-116.05111111,"Vista Radio Ltd"
"TX_RES",0.87,1000,"CKIR",50.51888889,-116.05111111,"Vista Radio Ltd"
"TX_RES",0.87,500,"CFSX",48.52611111,-58.49,"Stingray Radio Inc"
"TX_RES",0.87,500,"CFSX",48.52611111,-58.49,"Stingray Radio Inc"
"TX_RES",0.87,500,"CFSX",48.52611111,-58.49,"Stingray Radio Inc"
"TX_RES",0.87,500,"CFBV",54.79611111,-127.19861111,"Vista Radio Ltd"
"TX_RES",0.87,1000,"CFBV",54.79611111,-127.19861111,"Vista Radio Ltd"
"TX_RES",0.88,50000,"CHED",53.36861111,-113.31777778,"Corus Radio Inc."
"TX_RES",0.88,10000,"CHED-AX1",53.36861111,-113.31777778,"Corus Radio Inc."
"TX_RES",0.88,10000,"CHED-AX1",53.36861111,-113.31777778,"Corus Radio Inc."
"TX_RES",0.88,50000,"CHED",53.36861111,-113.31777778,"Corus Radio Inc."
"TX_RES",0.88,50000,"CHED",53.36861111,-113.31777778,"Corus Radio Inc."
"TX_RES",0.89,10000,"CJDC",55.775,-120.22111111,"Vista Radio Ltd"
"TX_RES",0.89,10000,"CJDC",55.775,-120.22111111,"Vista Radio Ltd"
"TX_RES",0.89,10000,"CJDC",55.775,-120.22111111,"Vista Radio Ltd"
"TX_RES",0.9,425,"CHIN",43.73643889,-79.32861389,"Radio 1540 Limited"
"TX_RES",0.9,425,"CHIN",43.73643889,-79.32861389,"Radio 1540 Limited"
"TX_RES",0.9,300,"CHIN",43.73643889,-79.32861389,"Radio 1540 Limited"
"TX_RES",0.9,10000,"CKBI",53.06055556,-105.83111111,"Pattison Media Ltd."
"TX_RES",0.9,2800,"CKBI",53.06055556,-105.83111111,"Pattison Media Ltd."
"TX_RES",0.9,40,"CBRK",49.68027778,-115.97638889,"CBC/ Radio-Canada"
"TX_RES",0.9,40,"CBRK",49.68027778,-115.97638889,"CBC/ Radio-Canada"
"TX_RES",0.9,2800,"CKBI-AX1",53.06055556,-105.83111111,"Pattison Media Ltd."
"TX_RES",0.9,6000,"CKBI-AX1",53.06055556,-105.83111111,"Pattison Media Ltd."
"TX_RES",0.9,425,"CHIN",43.73643889,-79.32861389,"Radio 1540 Limited"
"TX_RES",0.9,2800,"CKBI-AX1",53.06055556,-105.83111111,"Pattison Media Ltd."
"TX_RES",0.9,6000,"CKBI-AX1",53.06055556,-105.83111111,"Pattison Media Ltd."
"TX_RES",0.9,40,"CBRK",49.68027778,-115.97638889,"CBC/ Radio-Canada"
"TX_RES",0.9,40,"CBRK",49.68027778,-115.97638889,"CBC/ Radio-Canada"
"TX_RES",0.9,2800,"CKBI",53.06055556,-105.83111111,"Pattison Media Ltd."
"TX_RES",0.9,10000,"CKBI",53.06055556,-105.83111111,"Pattison Media Ltd."
"TX_RES",0.9,425,"CHIN",43.73643889,-79.32861389,"Radio 1540 Limited"
"TX_RES",0.9,300,"CHIN",43.73643889,-79.32861389,"Radio 1540 Limited"
"TX_RES",0.92,25000,"CFRY",49.96944444,-98.37555556,"Golden West Broadcasting Ltd."
"TX_RES",0.92,1000,"CKNX-AX1",43.84305556,-81.34777778,"Blackburn Media Inc."
"TX_RES",0.92,10000,"CKNX-AX1",43.84305556,-81.34777778,"Blackburn Media Inc."
"TX_RES",0.92,1000,"CKNX",43.84305556,-81.34777778,"Blackburn Media Inc."
"TX_RES",0.92,10000,"CKNX",43.84305556,-81.34777778,"Blackburn Media Inc."
"TX_RES",0.92,10000,"CKNX",43.84305556,-81.34777778,"Blackburn Media Inc."
"TX_RES",0.92,15000,"CFRY",49.96944444,-98.37555556,"Golden West Broadcasting Ltd."
"TX_RES",0.92,25000,"CFRY",49.96944444,-98.37555556,"Golden West Broadcasting Ltd."
"TX_RES",0.93,50000,"CJCA",53.30666667,-113.71666667,"Touch Canada Broadcasting Limited Partnership"
"TX_RES",0.93,150,"CFBC",45.23155556,-66.10480556,"Maritime Broadcasting System Limited"
"TX_RES",0.93,2000,"CFBC",45.23155556,-66.10480556,"Maritime Broadcasting System Limited"
"TX_RES",0.93,2000,"CFBC",45.23155556,-66.10480556,"Maritime Broadcasting System Limited"
"TX_RES",0.93,3500,"CJYQ",47.54388889,-52.77777778,"Stingray Radio Inc"
"TX_RES",0.93,25000,"CJYQ",47.54388889,-52.77777778,"Stingray Radio Inc"
"TX_RES",0.93,25000,"CJYQ",47.54388889,-52.77777778,"Stingray Radio Inc"
"TX_RES",0.93,25000,"CJYQ",47.54388889,-52.77777778,"Stingray Radio Inc"
"TX_RES",0.93,25000,"CJYQ",47.54388889,-52.77777778,"Stingray Radio Inc"
"TX_RES",0.93,10000,"CJCA-AX1",53.30666667,-113.71666667,"Touch Canada Broadcasting Limited Partnership"
"TX_RES",0.93,10000,"CJCA-AX1",53.30666667,-113.71666667,"Touch Canada Broadcasting Limited Partnership"
"TX_RES",0.93,50000,"CJCA",53.30666667,-113.71666667,"Touch Canada Broadcasting Limited Partnership"
"TX_RES",0.94,50000,"CFNV",45.39263889,-73.69908333,"7954689 Canada Inc. "
"TX_RES",0.94,690,"CJGX",51.20642778,-102.33567222,"GX Radio Partnership"
"TX_RES",0.94,50000,"CJGX",51.20642778,-102.33567222,"GX Radio Partnership"
"TX_RES",0.94,50000,"CJGX",51.20642778,-102.33567222,"GX Radio Partnership"
"TX_RES",0.94,50000,"CJGX",51.20642778,-102.33567222,"GX Radio Partnership"
"TX_RES",0.94,40,"CBDK-AX1",60.16764167,-132.72648056,"CBC/ Radio-Canada"
"TX_RES",0.94,40,"CBDK-AX1",60.16764167,-132.72648056,"CBC/ Radio-Canada"
"TX_RES",0.94,40,"CBDK",60.16764167,-132.72648056,"CBC/ Radio-Canada"
"TX_RES",0.94,40,"CBDK",60.16764167,-132.72648056,"CBC/ Radio-Canada"
"TX_RES",0.94,50000,"CFNV",45.39263889,-73.69908333,"7954689 Canada Inc. "
"TX_RES",0.95,10000,"CFAM",49.0325,-97.94972222,"Golden West Broadcasting Ltd."
"TX_RES",0.95,250,"CFAM-AX1",49.0325,-97.94972222,"Golden West Broadcasting Ltd."
"TX_RES",0.95,250,"CFAM-AX1",49.0325,-97.94972222,"Golden West Broadcasting Ltd."
"TX_RES",0.95,10000,"CFAM",49.0325,-97.94972222,"Golden West Broadcasting Ltd."
"TX_RES",0.95,10000,"CFAM",49.0325,-97.94972222,"Golden West Broadcasting Ltd."
"TX_RES",0.96,50000,"CFAC",50.98916667,-113.84,"Rogers Media Inc"
"TX_RES",0.96,175,"CKNT",43.64841667,-79.68261111,"8159203 Canada Limited"
"TX_RES",0.96,1250,"CKNT",43.64841667,-79.68261111,"8159203 Canada Limited"
"TX_RES",0.96,10000,"CFAC-AX1",50.98916667,-113.84,"Rogers Media Inc"
"TX_RES",0.96,10000,"CFAC-AX1",50.98916667,-113.84,"Rogers Media Inc"
"TX_RES",0.96,50000,"CFAC",50.98916667,-113.84,"Rogers Media Inc"
"TX_RES",0.98,10000,"CJME",50.35361111,-104.6225,"Rawlco Radio Ltd."
"TX_RES",0.98,5000,"CFPL-AX1",42.89138889,-81.20027778,"Corus Radio Inc."
"TX_RES",0.98,5000,"CFPL-AX1",42.89138889,-81.20027778,"Corus Radio Inc."
"TX_RES",0.98,5000,"CFPL",42.89138889,-81.20027778,"Corus Radio Inc."
"TX_RES",0.98,10000,"CFPL",42.89138889,-81.20027778,"Corus Radio Inc."
"TX_RES",0.98,10000,"CFPL",42.89138889,-81.20027778,"Corus Radio Inc."
"TX_RES",0.98,5000,"CJME-AX1",50.35361111,-104.6225,"Rawlco Radio Ltd."
"TX_RES",0.98,5000,"CJME-AX1",50.35361111,-104.6225,"Rawlco Radio Ltd."
"TX_RES",0.98,5000,"CJME",50.35361111,-104.6225,"Rawlco Radio Ltd."
"TX_RES",0.98,10000,"CJME",50.35361111,-104.6225,"Rawlco Radio Ltd."
"TX_RES",0.99,40,"CBQJ-AX1",61.97805556,-132.45786111,"CBC/ Radio-Canada"
"TX_RES",0.99,40,"CBQJ",61.97805556,-132.45786111,"CBC/ Radio-Canada"
"TX_RES",0.99,40,"CBQJ",61.97805556,-132.45786111,"CBC/ Radio-Canada"
"TX_RES",0.99,10000,"CBY",48.93277778,-57.90611111,"CBC/ Radio-Canada"
"TX_RES",0.99,10000,"CBY",48.93277778,-57.90611111,"CBC/ Radio-Canada"
"TX_RES",0.99,10000,"CBY",48.93277778,-57.90611111,"CBC/ Radio-Canada"
"TX_RES",0.99,40,"CBKN",50.72713889,-122.24366667,"CBC/ Radio-Canada"
"TX_RES",0.99,40,"CBKN",50.72713889,-122.24366667,"CBC/ Radio-Canada"
"TX_RES",0.99,165,"CBDB",60.06611111,-128.72277778,"CBC/ Radio-Canada"
"TX_RES",0.99,400,"CBDB",60.06611111,-128.72277778,"CBC/ Radio-Canada"
"TX_RES",0.99,400,"CBDB",60.06611111,-128.72277778,"CBC/ Radio-Canada"
"TX_RES",0.99,400,"CBDB",60.06611111,-128.72277778,"CBC/ Radio-Canada"
"TX_RES",0.99,400,"CBDB",60.06611111,-128.72277778,"CBC/ Radio-Canada"
"TX_RES",0.99,46000,"CBW",49.83666667,-97.5125,"CBC/ Radio-Canada"
"TX_RES",0.99,50000,"CBW",49.83666667,-97.5125,"CBC/ Radio-Canada"
"TX_RES",0.99,50000,"CBW",49.83666667,-97.5125,"CBC/ Radio-Canada"
"TX_RES",0.99,40,"CBQJ-AX1",61.97805556,-132.45786111,"CBC/ Radio-Canada"
"TX_RES",1.01,50000,"CBR",51.04,-113.6475,"CBC/ Radio-Canada"
"TX_RES",1.01,50000,"CFRB-AX1",43.50472222,-79.63027778,"Bell Media Inc."
"TX_RES",1.01,50000,"CFRB-AX1",43.50472222,-79.63027778,"Bell Media Inc."
"TX_RES",1.01,50000,"CFRB",43.50472222,-79.63027778,"Bell Media Inc."
"TX_RES",1.01,50000,"CFRB",43.50472222,-79.63027778,"Bell Media Inc."
"TX_RES",1.01,50000,"CFRB",43.50472222,-79.63027778,"Bell Media Inc."
"TX_RES",1.01,50000,"CBR-AX1",51.04,-113.6475,"CBC/ Radio-Canada"
"TX_RES",1.01,50000,"CBR-AX1",51.04,-113.6475,"CBC/ Radio-Canada"
"TX_RES",1.01,40,"CBON-6",46.18972222,-82.965,"CBC Radio-Canada"
"TX_RES",1.01,40,"CBON-6",46.18972222,-82.965,"CBC Radio-Canada"
"TX_RES",1.01,50000,"CBR",51.04,-113.6475,"CBC/ Radio-Canada"
"TX_RES",1.05,50000,"CHUM",43.48722222,-79.62055556,"Bell Media Inc."
"TX_RES",1.05,400,"CJNB-AX1",52.84361111,-108.30527778,"Pattison Media Ltd."
"TX_RES",1.05,400,"CJNB-AX1",52.84361111,-108.30527778,"Pattison Media Ltd."
"TX_RES",1.05,10000,"CJNB",52.84361111,-108.30527778,"Pattison Media Ltd."
"TX_RES",1.05,10000,"CJNB",52.84361111,-108.30527778,"Pattison Media Ltd."
"TX_RES",1.05,10000,"CJNB",52.84361111,-108.30527778,"Pattison Media Ltd."
"TX_RES",1.05,50000,"CHUM-AX1",43.48722222,-79.62055556,"Bell Media Inc."
"TX_RES",1.05,50000,"CHUM-AX1",43.48722222,-79.62055556,"Bell Media Inc."
"TX_RES",1.05,50000,"CHUM-AX1",43.48722222,-79.62055556,"Bell Media Inc."
"TX_RES",1.05,50000,"CHUM",43.48722222,-79.62055556,"Bell Media Inc."
"TX_RES",1.05,50000,"CHUM",43.48722222,-79.62055556,"Bell Media Inc."
"TX_RES",1.06,50000,"CKMX",50.90055556,-113.875,"Akash Broadcasting Inc."
"TX_RES",1.06,10000,"CKMX-AX1",50.90055556,-113.875,"Akash Broadcasting Inc."
"TX_RES",1.06,10000,"CKMX-AX1",50.90055556,-113.875,"Akash Broadcasting Inc."
"TX_RES",1.06,50000,"CKMX",50.90055556,-113.875,"Akash Broadcasting Inc."
"TX_RES",1.07,10000,"CHOK",42.89166667,-82.32222222,"Blackburn Media Inc."
"TX_RES",1.07,250,"CFAX-AX1",48.39694444,-123.30694444,"Bell Media Regional Radio Partnership"
"TX_RES",1.07,250,"CFAX-AX1",48.39694444,-123.30694444,"Bell Media Regional Radio Partnership"
"TX_RES",1.07,10000,"CFAX",48.39694444,-123.30694444,"Bell Media Regional Radio Partnership"
"TX_RES",1.07,10000,"CFAX",48.39694444,-123.30694444,"Bell Media Regional Radio Partnership"
"TX_RES",1.07,10000,"CFAX",48.39694444,-123.30694444,"Bell Media Regional Radio Partnership"
"TX_RES",1.07,5000,"CHOK-AX1",42.89166667,-82.32222222,"Blackburn Media Inc."
"TX_RES",1.07,5000,"CHOK-AX1",42.89166667,-82.32222222,"Blackburn Media Inc."
"TX_RES",1.07,10000,"CHOK",42.89166667,-82.32222222,"Blackburn Media Inc."
"TX_RES",1.07,10000,"CHOK",42.89166667,-82.32222222,"Blackburn Media Inc."
"TX_RES",1.09,40,"CBON-12",46.31361111,-78.72138889,"CBC Radio-Canada"
"TX_RES",1.09,40,"CBON-12",46.31361111,-78.72138889,"CBC Radio-Canada"
"TX_RES",1.13,50000,"CKWX",49.15583333,-123.06805556,"Rogers Media Inc"
"TX_RES",1.13,400,"CKWX-AX3",49.26386111,-123.11713889,"Rogers Media Inc"
"TX_RES",1.13,5000,"CKWX-AX2",49.15583333,-123.06805556,"Rogers Media Inc"
"TX_RES",1.13,250,"CKWX-AX1",49.15583333,-123.06805556,"Rogers Media Inc"
"TX_RES",1.13,400,"CKWX-AX3",49.26386111,-123.11713889,"Rogers Media Inc"
"TX_RES",1.13,5000,"CKWX-AX2",49.15583333,-123.06805556,"Rogers Media Inc"
"TX_RES",1.13,250,"CKWX-AX1",49.15583333,-123.06805556,"Rogers Media Inc"
"TX_RES",1.13,50000,"CKWX",49.15583333,-123.06805556,"Rogers Media Inc"
"TX_RES",1.14,50000,"CHRB",50.92361111,-113.83388889,"Golden West Broadcasting Ltd."
"TX_RES",1.14,10000,"CBI",46.13666667,-60.27,"CBC/ Radio-Canada"
"TX_RES",1.14,10000,"CBI",46.13666667,-60.27,"CBC/ Radio-Canada"
"TX_RES",1.14,10000,"CBI",46.13666667,-60.27,"CBC/ Radio-Canada"
"TX_RES",1.14,1000,"CHRB-AX1",50.92361111,-113.83388889,"Golden West Broadcasting Ltd."
"TX_RES",1.14,1000,"CHRB-AX1",50.92361111,-113.83388889,"Golden West Broadcasting Ltd."
"TX_RES",1.14,46000,"CHRB",50.92361111,-113.83388889,"Golden West Broadcasting Ltd."
"TX_RES",1.14,50000,"CHRB",50.92361111,-113.83388889,"Golden West Broadcasting Ltd."
"TX_RES",1.15,10000,"CJSL",49.05694444,-102.98805556,"Golden West Broadcasting Ltd."
"TX_RES",1.15,10000,"CKOC-AX1",43.05111111,-79.81138889,"CKOC 1150 Radio Inc."
"TX_RES",1.15,10000,"CKOC-AX1",43.05111111,-79.81138889,"CKOC 1150 Radio Inc."
"TX_RES",1.15,20000,"CKOC",43.05111111,-79.81138889,"CKOC 1150 Radio Inc."
"TX_RES",1.15,50000,"CKOC",43.05111111,-79.81138889,"CKOC 1150 Radio Inc."
"TX_RES",1.15,1000,"CKFR-AX1",49.84777778,-119.46611111,"Vista Radio Ltd"
"TX_RES",1.15,1000,"CKFR-AX1",49.84777778,-119.46611111,"Vista Radio Ltd"
"TX_RES",1.15,10000,"CKFR",49.84777778,-119.46611111,"Vista Radio Ltd"
"TX_RES",1.15,10000,"CKFR",49.84777778,-119.46611111,"Vista Radio Ltd"
"TX_RES",1.15,10000,"CKFR",49.84777778,-119.46611111,"Vista Radio Ltd"
"TX_RES",1.15,40,"CBXA-AX1",52.00691667,-118.56383333,"CBC/ Radio-Canada"
"TX_RES",1.15,40,"CBXA-AX1",52.00691667,-118.56383333,"CBC/ Radio-Canada"
"TX_RES",1.15,40,"CBXA",52.00691667,-118.56383333,"CBC/ Radio-Canada"
"TX_RES",1.15,40,"CBXA",52.00691667,-118.56383333,"CBC/ Radio-Canada"
"TX_RES",1.15,1000,"CJSL-AX1",49.05694444,-102.98805556,"Golden West Broadcasting Ltd."
"TX_RES",1.15,1000,"CJSL-AX1",49.05694444,-102.98805556,"Golden West Broadcasting Ltd."
"TX_RES",1.15,10000,"CJSL",49.05694444,-102.98805556,"Golden West Broadcasting Ltd."
"TX_RES",1.17,40,"CBRH",55.25055556,-127.57722222,"CBC/ Radio-Canada"
"TX_RES",1.17,40,"CBRH",55.25055556,-127.57722222,"CBC/ Radio-Canada"
"TX_RES",1.19,10000,"CFSL",49.46583333,-103.84305556,"Golden West Broadcasting Ltd."
"TX_RES",1.19,1000,"CFSL-AX1",49.46583333,-103.84305556,"Golden West Broadcasting Ltd."
"TX_RES",1.19,1000,"CFSL-AX1",49.46583333,-103.84305556,"Golden West Broadcasting Ltd."
"TX_RES",1.19,5000,"CFSL",49.46583333,-103.84305556,"Golden West Broadcasting Ltd."
"TX_RES",1.19,10000,"CFSL",49.46583333,-103.84305556,"Golden West Broadcasting Ltd."
"TX_RES",1.2,10000,"CFGO-AX1",45.21666667,-75.76972222,"Bell Media Regional Radio Partnership"
"TX_RES",1.2,25000,"CJRJ",49.18305556,-123.06361111,"I.T. Productions Ltd."
"TX_RES",1.2,25000,"CJRJ",49.18305556,-123.06361111,"I.T. Productions Ltd."
"TX_RES",1.2,25000,"CJRJ",49.18305556,-123.06361111,"I.T. Productions Ltd."
"TX_RES",1.2,25000,"CJRJ",49.18305556,-123.06361111,"I.T. Productions Ltd."
"TX_RES",1.2,25000,"CJRJ",49.18305556,-123.06361111,"I.T. Productions Ltd."
"TX_RES",1.2,50000,"CFGO",45.21666667,-75.76972222,"Bell Media Regional Radio Partnership"
"TX_RES",1.2,50000,"CFGO",45.21666667,-75.76972222,"Bell Media Regional Radio Partnership"
"TX_RES",1.2,50000,"CFGO",45.21666667,-75.76972222,"Bell Media Regional Radio Partnership"
"TX_RES",1.2,10000,"CFGO-AX1",45.21666667,-75.76972222,"Bell Media Regional Radio Partnership"
"TX_RES",1.21,1000,"CFYM",51.45138889,-109.14555556,"Golden West Broadcasting Ltd."
"TX_RES",1.21,250,"CFYM",51.45138889,-109.14555556,"Golden West Broadcasting Ltd."
"TX_RES",1.21,1000,"CFYM",51.45138889,-109.14555556,"Golden West Broadcasting Ltd."
"TX_RES",1.22,10000,"CFAJ",43.05638889,-79.22222222,"10070394 Canada Inc."
"TX_RES",1.22,10000,"CJRB-AX1",49.25722222,-100.05722222,"Golden West Broadcasting Ltd."
"TX_RES",1.22,10000,"CJRB-AX1",49.25722222,-100.05722222,"Golden West Broadcasting Ltd."
"TX_RES",1.22,10000,"CJRB",49.25722222,-100.05722222,"Golden West Broadcasting Ltd."
"TX_RES",1.22,10000,"CJRB",49.25722222,-100.05722222,"Golden West Broadcasting Ltd."
"TX_RES",1.22,10000,"CJRB",49.25722222,-100.05722222,"Golden West Broadcasting Ltd."
"TX_RES",1.22,10000,"CFAJ",43.05638889,-79.22222222,"10070394 Canada Inc."
"TX_RES",1.23,250,"CHFC",58.755,-94.09444444,"CBC/ Radio-Canada"
"TX_RES",1.23,1000,"CFFB",63.73222222,-68.54527778,"CBC/ Radio-Canada"
"TX_RES",1.23,1000,"CFFB",63.73222222,-68.54527778,"CBC/ Radio-Canada"
"TX_RES",1.23,250,"CHFC",58.755,-94.09444444,"CBC/ Radio-Canada"
"TX_RES",1.23,250,"CHFC",58.755,-94.09444444,"CBC/ Radio-Canada"
"TX_RES",1.24,1000,"CJAR",53.81277778,-101.27638889,"Arctic Radio (1982) Limited"
"TX_RES",1.24,1000,"CJOR",49.0825,-119.52361111,"Vista Radio Ltd"
"TX_RES",1.24,1000,"CJOR",49.0825,-119.52361111,"Vista Radio Ltd"
"TX_RES",1.24,1000,"CJOR",49.0825,-119.52361111,"Vista Radio Ltd"
"TX_RES",1.24,40,"CBLO",46.31361111,-78.72138889,"CBC/ Radio-Canada"
"TX_RES",1.24,40,"CBLO",46.31361111,-78.72138889,"CBC/ Radio-Canada"
"TX_RES",1.24,40,"CBLE",49.59694444,-87.95944444,"CBC/ Radio-Canada"
"TX_RES",1.24,40,"CBLE",49.59694444,-87.95944444,"CBC/ Radio-Canada"
"TX_RES",1.24,1000,"CFNI",50.70944444,-127.4375,"Vista Radio Ltd"
"TX_RES",1.24,1000,"CFNI",50.70944444,-127.4375,"Vista Radio Ltd"
"TX_RES",1.24,1000,"CFNI",50.70944444,-127.4375,"Vista Radio Ltd"
"TX_RES",1.24,1000,"CJAR",53.81277778,-101.27638889,"Arctic Radio (1982) Limited"
"TX_RES",1.24,1000,"CJAR",53.81277778,-101.27638889,"Arctic Radio (1982) Limited"
"TX_RES",1.25,10000,"CJYE",43.45805556,-79.75472222,"Trafalgar Broadcasting Limited"
"TX_RES",1.25,10000,"CHSM-AX1",49.50416667,-96.98194444,"Golden West Broadcasting Ltd."
"TX_RES",1.25,10000,"CHSM-AX1",49.50416667,-96.98194444,"Golden West Broadcasting Ltd."
"TX_RES",1.25,10000,"CHSM",49.50416667,-96.98194444,"Golden West Broadcasting Ltd."
"TX_RES",1.25,10000,"CHSM",49.50416667,-96.98194444,"Golden West Broadcasting Ltd."
"TX_RES",1.25,10000,"CHSM",49.50416667,-96.98194444,"Golden West Broadcasting Ltd."
"TX_RES",1.25,10000,"CJYE-AX1",43.45805556,-79.75472222,"Trafalgar Broadcasting Limited"
"TX_RES",1.25,10000,"CJYE-AX1",43.45805556,-79.75472222,"Trafalgar Broadcasting Limited"
"TX_RES",1.25,10000,"CJYE",43.45805556,-79.75472222,"Trafalgar Broadcasting Limited"
"TX_RES",1.26,10000,"CKHJ",45.99777778,-66.69361111,"Bell Media Radio Atlantic Inc."
"TX_RES",1.26,32,"CKHJ",45.99777778,-66.69361111,"Bell Media Radio Atlantic Inc."
"TX_RES",1.26,32,"CKHJ",45.99777778,-66.69361111,"Bell Media Radio Atlantic Inc."
"TX_RES",1.27,10000,"CJCB",46.18,-60.1925,"Maritime Broadcasting System Limited"
"TX_RES",1.27,100,"CJCB-AX1",46.18,-60.1925,"Maritime Broadcasting System Limited"
"TX_RES",1.27,100,"CJCB-AX1",46.18,-60.1925,"Maritime Broadcasting System Limited"
"TX_RES",1.27,1350,"CJCB",46.18,-60.1925,"Maritime Broadcasting System Limited"
"TX_RES",1.27,10000,"CJCB",46.18,-60.1925,"Maritime Broadcasting System Limited"
"TX_RES",1.28,40,"CBQG",63.21722222,-123.44,"CBC/ Radio-Canada"
"TX_RES",1.28,50000,"CFMB",45.32527778,-73.54805556,"Evanov Radio Group Inc."
"TX_RES",1.28,10000,"CFMB-AX1",45.32527778,-73.54805556,"Evanov Radio Group Inc."
"TX_RES",1.28,10000,"CFMB-AX1",45.32527778,-73.54805556,"Evanov Radio Group Inc."
"TX_RES",1.28,10000,"CFMB-AX1",45.32527778,-73.54805556,"Evanov Radio Group Inc."
"TX_RES",1.28,50000,"CFMB",45.32527778,-73.54805556,"Evanov Radio Group Inc."
"TX_RES",1.28,50000,"CFMB",45.32527778,-73.54805556,"Evanov Radio Group Inc."
"TX_RES",1.28,99,"CJTM",43.64194444,-79.34027778,"Toronto Metropolitan Media Inc."
"TX_RES",1.28,99,"CJTM",43.64194444,-79.34027778,"Toronto Metropolitan Media Inc."
"TX_RES",1.28,40,"CBQG",63.21722222,-123.44,"CBC/ Radio-Canada"
"TX_RES",1.29,10000,"CJBK",42.87083333,-81.23361111,"Bell Media Inc."
"TX_RES",1.29,10000,"CJRC",49.79944444,-97.275,"Akash Broadcasting Inc."
"TX_RES",1.29,10000,"CJRC",49.79944444,-97.275,"Akash Broadcasting Inc."
"TX_RES",1.29,10000,"CJRC",49.79944444,-97.275,"Akash Broadcasting Inc."
"TX_RES",1.29,10000,"CJBK",42.87083333,-81.23361111,"Bell Media Inc."
"TX_RES",1.29,10000,"CJBK",42.87083333,-81.23361111,"Bell Media Inc."
"TX_RES",1.31,50000,"CIWW",45.2575,-75.75083333,"Rogers Media Inc"
"TX_RES",1.31,50000,"CIWW-AX2",45.2575,-75.75083333,"Rogers Media Inc"
"TX_RES",1.31,50000,"CIWW-AX2",45.2575,-75.75083333,"Rogers Media Inc"
"TX_RES",1.31,50000,"CIWW-AX1",45.2575,-75.75083333,"Rogers Media Inc"
"TX_RES",1.31,50000,"CIWW-AX1",45.2575,-75.75083333,"Rogers Media Inc"
"TX_RES",1.31,50000,"CIWW",45.2575,-75.75083333,"Rogers Media Inc"
"TX_RES",1.31,50000,"CIWW",45.2575,-75.75083333,"Rogers Media Inc"
"TX_RES",1.32,50000,"CHMB",49.165,-123.0425,"Mainstream Broadcasting Corporation"
"TX_RES",1.32,50000,"CHMB",49.165,-123.0425,"Mainstream Broadcasting Corporation"
"TX_RES",1.32,50000,"CHMB",49.165,-123.0425,"Mainstream Broadcasting Corporation"
"TX_RES",1.32,10000,"CJMR",43.45805556,-79.75472222,"Trafalgar Broadcasting Limited"
"TX_RES",1.32,10000,"CJMR",43.45805556,-79.75472222,"Trafalgar Broadcasting Limited"
"TX_RES",1.32,10000,"CHMB-AX1",49.165,-123.0425,"Mainstream Broadcasting Corporation"
"TX_RES",1.32,10000,"CHMB-AX1",49.165,-123.0425,"Mainstream Broadcasting Corporation"
"TX_RES",1.32,10000,"CJMR-AX1",43.45805556,-79.75472222,"Trafalgar Broadcasting Limited"
"TX_RES",1.32,10000,"CJMR-AX1",43.45805556,-79.75472222,"Trafalgar Broadcasting Limited"
"TX_RES",1.33,10000,"CJYM",51.45861111,-107.99444444,"Golden West Broadcasting Ltd."
"TX_RES",1.33,10000,"CJYM",51.45861111,-107.99444444,"Golden West Broadcasting Ltd."
"TX_RES",1.33,10000,"CJYM",51.45861111,-107.99444444,"Golden West Broadcasting Ltd."
"TX_RES",1.33,400,"CJYM-AX1",51.45861111,-107.99444444,"Golden West Broadcasting Ltd."
"TX_RES",1.33,400,"CJYM-AX1",51.45861111,-107.99444444,"Golden West Broadcasting Ltd."
"TX_RES",1.34,250,"CFKC",49.09305556,-116.53166667,"Vista Radio Ltd"
"TX_RES",1.34,250,"CFKC",49.09305556,-116.53166667,"Vista Radio Ltd"
"TX_RES",1.34,250,"CFKC",49.09305556,-116.53166667,"Vista Radio Ltd"
"TX_RES",1.35,40,"CBRZ",50.77638889,-122.81777778,"CBC/ Radio-Canada"
"TX_RES",1.35,1000,"CIRF-AX1",43.69722222,-79.735,"Radio Humsafar Inc."
"TX_RES",1.35,40,"CBRZ",50.77638889,-122.81777778,"CBC/ Radio-Canada"
"TX_RES",1.35,1000,"CKAD",44.98725,-65.02202778,"Maritime Broadcasting System Limited"
"TX_RES",1.35,1000,"CKAD",44.98725,-65.02202778,"Maritime Broadcasting System Limited"
"TX_RES",1.35,400,"CKAD",44.98725,-65.02202778,"Maritime Broadcasting System Limited"
"TX_RES",1.35,1000,"CIRF",43.69722222,-79.735,"Radio Humsafar Inc."
"TX_RES",1.35,45,"CIRF",43.69722222,-79.735,"Radio Humsafar Inc."
"TX_RES",1.35,99,"XWA-1",45.49477778,-73.56238889,"Université du Québec"
"TX_RES",1.35,99,"XWA-1",45.49477778,-73.56238889,"Université du Québec"
"TX_RES",1.35,45,"CIRF-AX1",43.69722222,-79.735,"Radio Humsafar Inc."
"TX_RES",1.35,40,"CBKY",49.20022222,-119.82097222,"CBC/ Radio-Canada"
"TX_RES",1.35,40,"CBKY",49.20022222,-119.82097222,"CBC/ Radio-Canada"
"TX_RES",1.4,4000,"CBG",48.96638889,-54.65277778,"CBC/ Radio-Canada"
"TX_RES",1.4,4000,"CBG",48.96638889,-54.65277778,"CBC/ Radio-Canada"
"TX_RES",1.4,4000,"CBG",48.96638889,-54.65277778,"CBC/ Radio-Canada"
"TX_RES",1.4,1000,"CIOR",49.44722222,-120.51277778,"Vista Radio Ltd"
"TX_RES",1.4,1000,"CIOR",49.44722222,-120.51277778,"Vista Radio Ltd"
"TX_RES",1.4,1000,"CIOR",49.44722222,-120.51277778,"Vista Radio Ltd"
"TX_RES",1.41,10000,"CJWI",45.36694444,-73.62305556,"CPAM Radio Union.Com Inc."
"TX_RES",1.41,10000,"CJWI",45.36694444,-73.62305556,"CPAM Radio Union.Com Inc."
"TX_RES",1.43,50000,"CHKT",43.61777778,-79.38083333,"Fairchild Radio Group Ltd."
"TX_RES",1.43,50000,"CHKT",43.61777778,-79.38083333,"Fairchild Radio Group Ltd."
"TX_RES",1.43,50000,"CHKT",43.61777778,-79.38083333,"Fairchild Radio Group Ltd."
"TX_RES",1.43,50000,"CHKT-AX1",43.6175,-79.37944444,"Fairchild Radio Group Ltd."
"TX_RES",1.43,50000,"CHKT-AX1",43.6175,-79.37944444,"Fairchild Radio Group Ltd."
"TX_RES",1.44,10000,"CKJR",52.95833333,-113.45111111,"Stingray Radio Inc"
"TX_RES",1.44,10000,"CKJR",52.95833333,-113.45111111,"Stingray Radio Inc"
"TX_RES",1.44,10000,"CKJR",52.95833333,-113.45111111,"Stingray Radio Inc"
"TX_RES",1.44,1000,"CKJR-AX1",52.95833333,-113.45111111,"Stingray Radio Inc"
"TX_RES",1.44,1000,"CKJR-AX1",52.95833333,-113.45111111,"Stingray Radio Inc"
"TX_RES",1.45,40,"CBLF",48.23777778,-82.43472222,"CBC/ Radio-Canada"
"TX_RES",1.45,40,"CBLF",48.23777778,-82.43472222,"CBC/ Radio-Canada"
"TX_RES",1.45,2000,"CHOU",45.49583333,-73.74388889,"Radio Moyen Orient (9015-2018 Québec Inc)."
"TX_RES",1.45,2000,"CHOU",45.49583333,-73.74388889,"Radio Moyen Orient (9015-2018 Québec Inc)."
"TX_RES",1.45,2000,"CHOU",45.49583333,-73.74388889,"Radio Moyen Orient (9015-2018 Québec Inc)."
"TX_RES",1.45,2000,"CHOU",45.49583333,-73.74388889,"Radio Moyen Orient (9015-2018 Québec Inc)."
"TX_RES",1.45,1000,"CHOU",45.49583333,-73.74388889,"Radio Moyen Orient (9015-2018 Québec Inc)."
"TX_RES",1.45,1000,"CHOU-AX1",45.49583333,-73.74388889,"Radio Moyen Orient (9015-2018 Québec Inc)."
"TX_RES",1.45,1000,"CHOU-AX1",45.49583333,-73.74388889,"Radio Moyen Orient (9015-2018 Québec Inc)."
"TX_RES",1.45,50,"CHMO",51.2775,-80.64416667,"The James Bay Broadcasting Corporation Inc."
"TX_RES",1.45,50,"CHMO",51.2775,-80.64416667,"The James Bay Broadcasting Corporation Inc."
"TX_RES",1.45,1000,"CFAB",44.99461111,-64.11533333,"Maritime Broadcasting System Limited"
"TX_RES",1.45,1000,"CFAB",44.99461111,-64.11533333,"Maritime Broadcasting System Limited"
"TX_RES",1.45,1000,"CFAB",44.99461111,-64.11533333,"Maritime Broadcasting System Limited"
"TX_RES",1.46,10000,"CJOY",43.48583333,-80.245,"591989 B.C. Ltd."
"TX_RES",1.46,10000,"CJOY",43.48583333,-80.245,"591989 B.C. Ltd."
"TX_RES",1.46,10000,"CJOY",43.48583333,-80.245,"591989 B.C. Ltd."
"TX_RES",1.47,50000,"CJVB",49.19305556,-123.02277778,"Fairchild Radio Group Ltd."
"TX_RES",1.47,50000,"CJVB",49.19305556,-123.02277778,"Fairchild Radio Group Ltd."
"TX_RES",1.47,50000,"CJVB",49.19305556,-123.02277778,"Fairchild Radio Group Ltd."
"TX_RES",1.49,50,"CFNC",54.62444444,-97.7825,"Cross Lake Radio Committee"
"TX_RES",1.49,1000,"CJSN",49.64138889,-108.4875,"Golden West Broadcasting Ltd."
"TX_RES",1.49,1000,"CJSN",49.64138889,-108.4875,"Golden West Broadcasting Ltd."
"TX_RES",1.49,1000,"CJSN",49.64138889,-108.4875,"Golden West Broadcasting Ltd."
"TX_RES",1.49,250,"CJSN-AX1",49.64138889,-108.4875,"Golden West Broadcasting Ltd."
"TX_RES",1.49,250,"CJSN-AX1",49.64138889,-108.4875,"Golden West Broadcasting Ltd."
"TX_RES",1.49,50,"CFNC",54.62444444,-97.7825,"Cross Lake Radio Committee"
"TX_RES",1.54,50000,"CHIN",43.61527778,-79.38027778,"Radio 1540 Limited"
"TX_RES",1.54,50000,"CHIN",43.61527778,-79.38027778,"Radio 1540 Limited"
"TX_RES",1.54,30000,"CHIN",43.61527778,-79.38027778,"Radio 1540 Limited"
"TX_RES",1.54,10000,"CHIN-AX1",43.61527778,-79.38027778,"Radio 1540 Limited"
"TX_RES",1.54,10000,"CHIN-AX1",43.61527778,-79.38027778,"Radio 1540 Limited"
"TX_RES",1.54,16000,"CHIN",43.59055556,-79.88916667,"Radio 1540 Limited"
"TX_RES",1.54,16000,"CHIN",43.59055556,-79.88916667,"Radio 1540 Limited"
"TX_RES",1.55,10000,"CBEF",42.21555556,-82.92083333,"CBC Radio-Canada"
"TX_RES",1.55,10000,"CBEF",42.21555556,-82.92083333,"CBC Radio-Canada"
"TX_RES",1.55,10000,"CBEF",42.21555556,-82.92083333,"CBC Radio-Canada"
"TX_RES",1.57,10000,"CJLV",45.53083333,-73.84138889,"7590474 Canada inc."
"TX_RES",1.57,10000,"CJLV",45.53083333,-73.84138889,"7590474 Canada inc."
"TX_RES",1.57,10000,"CJLV",45.53083333,-73.84138889,"7590474 Canada inc."
"TX_RES",1.57,10000,"CJLV",45.53083333,-73.84138889,"7590474 Canada inc."
"TX_RES",1.57,10000,"CJLV",45.53083333,-73.84138889,"7590474 Canada inc."
"TX_RES",1.58,10000,"CKDO",43.87194444,-78.76472222,"Durham Radio Inc."
"TX_RES",1.58,10000,"CKDO",43.87194444,-78.76472222,"Durham Radio Inc."
"TX_RES",1.58,10000,"CKDO",43.87194444,-78.76472222,"Durham Radio Inc."
"TX_RES",1.58,10000,"CKDO",43.87194444,-78.76472222,"Durham Radio Inc."
"TX_RES",1.58,10000,"CKDO",43.87194444,-78.76472222,"Durham Radio Inc."
"TX_RES",1.58,50,"CBPK",50.99,-118.22,"Environment Canada"
"TX_RES",1.58,50,"CBPK",50.99,-118.22,"Environment Canada"